Workbook

Sheet INSTRUÇÕES
A1: INSTRUÇÕES DE USO — PLANILHA DE CONTROLE DE PONTO
A2: COMO USAR ESTA PLANILHA
A4: 1. | B4: Informar o Mês/Ano | C4: Na célula destacada em amarelo (C3 de cada aba de funcionário), clique e informe a data do primeiro dia do mês — ex: 01/04/2025. A planilha preencherá automaticamente todas as datas e dias da semana.
A5: 2. | B5: MODELO (aba laranja) | C5: Esta é a aba padrão. Não preencha dados aqui — use-a apenas como template para novos funcionários.
A6: 3. | B6: Adicionar funcionário | C6: Clique com o botão direito na aba "MODELO" → "Mover ou Copiar" → marque "Criar uma cópia" → renomeie com o nome do funcionário e informe o mês na célula amarela.
A7: 4. | B7: Preencher dados | C7: Preencha apenas: Entrada (HH:MM), Saída (HH:MM), Intervalo (HH:MM), HE 60%, HE 100%, Atrasos, Faltas e Observações. Datas, dias da semana e Total de Horas são calculados automaticamente.
A8: 5. | B8: Destaques automáticos | C8: Sábados ficam em laranja claro e domingos em amarelo — gerado automaticamente conforme o mês informado.
A9: 6. | B9: Consolidado | C9: A aba "CONSOLIDADO" puxa automaticamente os totais de cada aba de funcionário. Ao adicionar um novo funcionário, adicione também uma linha no Consolidado referenciando a nova aba.
A10: FORMATO DOS CAMPOS
A12: • | B12: Hora | C12: Use sempre HH:MM — ex: 08:00, 17:30, 01:15. Não use formato decimal.
A13: • | B13: Mês/Ano (C3) | C13: Digite a data do primeiro dia do mês: 01/04/2025 (ou selecione via calendário). A célula mostrará "Abril/2025" automaticamente.
A14: • | B14: Dias inválidos | C14: Dias que não existem no mês (ex: 29, 30, 31 em fevereiro) ficam em branco automaticamente.

Sheet MODELO
A1: CONTROLE DE PONTO — FOLHA INDIVIDUAL
A2: Funcionário: | C2: ← Nome do Funcionário | E2: Cargo: | G2: ← Cargo
A3: Mês/Ano: | E3: Jornada Diária: | G3: 0.33333333 | I3: ⬅ Informe aqui o 1º dia do mês (ex: 01/04/2025)
A5: RESUMO DO MÊS
B6: Total Horas | C6: HE 60% | D6: HE 100% | E6: Atrasos | F6: Faltas | G6: Dias Trabalhados | H6: Dom/Feriados
B7: =SUM(F9:F39) | C7: =SUM(G9:G39) | D7: =SUM(H9:H39) | E7: =SUM(I9:I39) | F7: =SUM(J9:J39) | G7: =COUNTIF(F9:F39,">0") | H7: =COUNTIF(B9:B39,"Domingo")
A8: Data | B8: Dia da Semana | C8: Entrada | D8: Saída | E8: Intervalo | F8: Total Horas | G8: HE 60% | H8: HE 100% | I8: Atrasos | J8: Faltas | K8: Observações
A9: =IF(MONTH(DATE(YEAR($C$3),MONTH($C$3),1))=MONTH($C$3),DATE(YEAR($C$3),MONTH($C$3),1),"") | B9: =IF(A9="","",CHOOSE(WEEKDAY(A9,2),"Segunda","Terça","Quarta","Quinta","Sexta","Sábado","Domingo")) | F9: =IF(OR(C9="",D9=""),"",D9-C9-IF(E9="",0,E9))
A10: =IF(MONTH(DATE(YEAR($C$3),MONTH($C$3),2))=MONTH($C$3),DATE(YEAR($C$3),MONTH($C$3),2),"") | B10: =IF(A10="","",CHOOSE(WEEKDAY(A10,2),"Segunda","Terça","Quarta","Quinta","Sexta","Sábado","Domingo")) | F10: =IF(OR(C10="",D10=""),"",D10-C10-IF(E10="",0,E10))
A11: =IF(MONTH(DATE(YEAR($C$3),MONTH($C$3),3))=MONTH($C$3),DATE(YEAR($C$3),MONTH($C$3),3),"") | B11: =IF(A11="","",CHOOSE(WEEKDAY(A11,2),"Segunda","Terça","Quarta","Quinta","Sexta","Sábado","Domingo")) | F11: =IF(OR(C11="",D11=""),"",D11-C11-IF(E11="",0,E11))
A12: =IF(MONTH(DATE(YEAR($C$3),MONTH($C$3),4))=MONTH($C$3),DATE(YEAR($C$3),MONTH($C$3),4),"") | B12: =IF(A12="","",CHOOSE(WEEKDAY(A12,2),"Segunda","Terça","Quarta","Quinta","Sexta","Sábado","Domingo")) | F12: =IF(OR(C12="",D12=""),"",D12-C12-IF(E12="",0,E12))
A13: =IF(MONTH(DATE(YEAR($C$3),MONTH($C$3),5))=MONTH($C$3),DATE(YEAR($C$3),MONTH($C$3),5),"") | B13: =IF(A13="","",CHOOSE(WEEKDAY(A13,2),"Segunda","Terça","Quarta","Quinta","Sexta","Sábado","Domingo")) | F13: =IF(OR(C13="",D13=""),"",D13-C13-IF(E13="",0,E13))
A14: =IF(MONTH(DATE(YEAR($C$3),MONTH($C$3),6))=MONTH($C$3),DATE(YEAR($C$3),MONTH($C$3),6),"") | B14: =IF(A14="","",CHOOSE(WEEKDAY(A14,2),"Segunda","Terça","Quarta","Quinta","Sexta","Sábado","Domingo")) | F14: =IF(OR(C14="",D14=""),"",D14-C14-IF(E14="",0,E14))
A15: =IF(MONTH(DATE(YEAR($C$3),MONTH($C$3),7))=MONTH($C$3),DATE(YEAR($C$3),MONTH($C$3),7),"") | B15: =IF(A15="","",CHOOSE(WEEKDAY(A15,2),"Segunda","Terça","Quarta","Quinta","Sexta","Sábado","Domingo")) | F15: =IF(OR(C15="",D15=""),"",D15-C15-IF(E15="",0,E15))
A16: =IF(MONTH(DATE(YEAR($C$3),MONTH($C$3),8))=MONTH($C$3),DATE(YEAR($C$3),MONTH($C$3),8),"") | B16: =IF(A16="","",CHOOSE(WEEKDAY(A16,2),"Segunda","Terça","Quarta","Quinta","Sexta","Sábado","Domingo")) | F16: =IF(OR(C16="",D16=""),"",D16-C16-IF(E16="",0,E16))
A17: =IF(MONTH(DATE(YEAR($C$3),MONTH($C$3),9))=MONTH($C$3),DATE(YEAR($C$3),MONTH($C$3),9),"") | B17: =IF(A17="","",CHOOSE(WEEKDAY(A17,2),"Segunda","Terça","Quarta","Quinta","Sexta","Sábado","Domingo")) | F17: =IF(OR(C17="",D17=""),"",D17-C17-IF(E17="",0,E17))
A18: =IF(MONTH(DATE(YEAR($C$3),MONTH($C$3),10))=MONTH($C$3),DATE(YEAR($C$3),MONTH($C$3),10),"") | B18: =IF(A18="","",CHOOSE(WEEKDAY(A18,2),"Segunda","Terça","Quarta","Quinta","Sexta","Sábado","Domingo")) | F18: =IF(OR(C18="",D18=""),"",D18-C18-IF(E18="",0,E18))
A19: =IF(MONTH(DATE(YEAR($C$3),MONTH($C$3),11))=MONTH($C$3),DATE(YEAR($C$3),MONTH($C$3),11),"") | B19: =IF(A19="","",CHOOSE(WEEKDAY(A19,2),"Segunda","Terça","Quarta","Quinta","Sexta","Sábado","Domingo")) | F19: =IF(OR(C19="",D19=""),"",D19-C19-IF(E19="",0,E19))
A20: =IF(MONTH(DATE(YEAR($C$3),MONTH($C$3),12))=MONTH($C$3),DATE(YEAR($C$3),MONTH($C$3),12),"") | B20: =IF(A20="","",CHOOSE(WEEKDAY(A20,2),"Segunda","Terça","Quarta","Quinta","Sexta","Sábado","Domingo")) | F20: =IF(OR(C20="",D20=""),"",D20-C20-IF(E20="",0,E20))
A21: =IF(MONTH(DATE(YEAR($C$3),MONTH($C$3),13))=MONTH($C$3),DATE(YEAR($C$3),MONTH($C$3),13),"") | B21: =IF(A21="","",CHOOSE(WEEKDAY(A21,2),"Segunda","Terça","Quarta","Quinta","Sexta","Sábado","Domingo")) | F21: =IF(OR(C21="",D21=""),"",D21-C21-IF(E21="",0,E21))
A22: =IF(MONTH(DATE(YEAR($C$3),MONTH($C$3),14))=MONTH($C$3),DATE(YEAR($C$3),MONTH($C$3),14),"") | B22: =IF(A22="","",CHOOSE(WEEKDAY(A22,2),"Segunda","Terça","Quarta","Quinta","Sexta","Sábado","Domingo")) | F22: =IF(OR(C22="",D22=""),"",D22-C22-IF(E22="",0,E22))
A23: =IF(MONTH(DATE(YEAR($C$3),MONTH($C$3),15))=MONTH($C$3),DATE(YEAR($C$3),MONTH($C$3),15),"") | B23: =IF(A23="","",CHOOSE(WEEKDAY(A23,2),"Segunda","Terça","Quarta","Quinta","Sexta","Sábado","Domingo")) | F23: =IF(OR(C23="",D23=""),"",D23-C23-IF(E23="",0,E23))
A24: =IF(MONTH(DATE(YEAR($C$3),MONTH($C$3),16))=MONTH($C$3),DATE(YEAR($C$3),MONTH($C$3),16),"") | B24: =IF(A24="","",CHOOSE(WEEKDAY(A24,2),"Segunda","Terça","Quarta","Quinta","Sexta","Sábado","Domingo")) | F24: =IF(OR(C24="",D24=""),"",D24-C24-IF(E24="",0,E24))
A25: =IF(MONTH(DATE(YEAR($C$3),MONTH($C$3),17))=MONTH($C$3),DATE(YEAR($C$3),MONTH($C$3),17),"") | B25: =IF(A25="","",CHOOSE(WEEKDAY(A25,2),"Segunda","Terça","Quarta","Quinta","Sexta","Sábado","Domingo")) | F25: =IF(OR(C25="",D25=""),"",D25-C25-IF(E25="",0,E25))
A26: =IF(MONTH(DATE(YEAR($C$3),MONTH($C$3),18))=MONTH($C$3),DATE(YEAR($C$3),MONTH($C$3),18),"") | B26: =IF(A26="","",CHOOSE(WEEKDAY(A26,2),"Segunda","Terça","Quarta","Quinta","Sexta","Sábado","Domingo")) | F26: =IF(OR(C26="",D26=""),"",D26-C26-IF(E26="",0,E26))
A27: =IF(MONTH(DATE(YEAR($C$3),MONTH($C$3),19))=MONTH($C$3),DATE(YEAR($C$3),MONTH($C$3),19),"") | B27: =IF(A27="","",CHOOSE(WEEKDAY(A27,2),"Segunda","Terça","Quarta","Quinta","Sexta","Sábado","Domingo")) | F27: =IF(OR(C27="",D27=""),"",D27-C27-IF(E27="",0,E27))
A28: =IF(MONTH(DATE(YEAR($C$3),MONTH($C$3),20))=MONTH($C$3),DATE(YEAR($C$3),MONTH($C$3),20),"") | B28: =IF(A28="","",CHOOSE(WEEKDAY(A28,2),"Segunda","Terça","Quarta","Quinta","Sexta","Sábado","Domingo")) | F28: =IF(OR(C28="",D28=""),"",D28-C28-IF(E28="",0,E28))
A29: =IF(MONTH(DATE(YEAR($C$3),MONTH($C$3),21))=MONTH($C$3),DATE(YEAR($C$3),MONTH($C$3),21),"") | B29: =IF(A29="","",CHOOSE(WEEKDAY(A29,2),"Segunda","Terça","Quarta","Quinta","Sexta","Sábado","Domingo")) | F29: =IF(OR(C29="",D29=""),"",D29-C29-IF(E29="",0,E29))
A30: =IF(MONTH(DATE(YEAR($C$3),MONTH($C$3),22))=MONTH($C$3),DATE(YEAR($C$3),MONTH($C$3),22),"") | B30: =IF(A30="","",CHOOSE(WEEKDAY(A30,2),"Segunda","Terça","Quarta","Quinta","Sexta","Sábado","Domingo")) | F30: =IF(OR(C30="",D30=""),"",D30-C30-IF(E30="",0,E30))
A31: =IF(MONTH(DATE(YEAR($C$3),MONTH($C$3),23))=MONTH($C$3),DATE(YEAR($C$3),MONTH($C$3),23),"") | B31: =IF(A31="","",CHOOSE(WEEKDAY(A31,2),"Segunda","Terça","Quarta","Quinta","Sexta","Sábado","Domingo")) | F31: =IF(OR(C31="",D31=""),"",D31-C31-IF(E31="",0,E31))
A32: =IF(MONTH(DATE(YEAR($C$3),MONTH($C$3),24))=MONTH($C$3),DATE(YEAR($C$3),MONTH($C$3),24),"") | B32: =IF(A32="","",CHOOSE(WEEKDAY(A32,2),"Segunda","Terça","Quarta","Quinta","Sexta","Sábado","Domingo")) | F32: =IF(OR(C32="",D32=""),"",D32-C32-IF(E32="",0,E32))
A33: =IF(MONTH(DATE(YEAR($C$3),MONTH($C$3),25))=MONTH($C$3),DATE(YEAR($C$3),MONTH($C$3),25),"") | B33: =IF(A33="","",CHOOSE(WEEKDAY(A33,2),"Segunda","Terça","Quarta","Quinta","Sexta","Sábado","Domingo")) | F33: =IF(OR(C33="",D33=""),"",D33-C33-IF(E33="",0,E33))
A34: =IF(MONTH(DATE(YEAR($C$3),MONTH($C$3),26))=MONTH($C$3),DATE(YEAR($C$3),MONTH($C$3),26),"") | B34: =IF(A34="","",CHOOSE(WEEKDAY(A34,2),"Segunda","Terça","Quarta","Quinta","Sexta","Sábado","Domingo")) | F34: =IF(OR(C34="",D34=""),"",D34-C34-IF(E34="",0,E34))
A35: =IF(MONTH(DATE(YEAR($C$3),MONTH($C$3),27))=MONTH($C$3),DATE(YEAR($C$3),MONTH($C$3),27),"") | B35: =IF(A35="","",CHOOSE(WEEKDAY(A35,2),"Segunda","Terça","Quarta","Quinta","Sexta","Sábado","Domingo")) | F35: =IF(OR(C35="",D35=""),"",D35-C35-IF(E35="",0,E35))
A36: =IF(MONTH(DATE(YEAR($C$3),MONTH($C$3),28))=MONTH($C$3),DATE(YEAR($C$3),MONTH($C$3),28),"") | B36: =IF(A36="","",CHOOSE(WEEKDAY(A36,2),"Segunda","Terça","Quarta","Quinta","Sexta","Sábado","Domingo")) | F36: =IF(OR(C36="",D36=""),"",D36-C36-IF(E36="",0,E36))
A37: =IF(MONTH(DATE(YEAR($C$3),MONTH($C$3),29))=MONTH($C$3),DATE(YEAR($C$3),MONTH($C$3),29),"") | B37: =IF(A37="","",CHOOSE(WEEKDAY(A37,2),"Segunda","Terça","Quarta","Quinta","Sexta","Sábado","Domingo")) | F37: =IF(OR(C37="",D37=""),"",D37-C37-IF(E37="",0,E37))
A38: =IF(MONTH(DATE(YEAR($C$3),MONTH($C$3),30))=MONTH($C$3),DATE(YEAR($C$3),MONTH($C$3),30),"") | B38: =IF(A38="","",CHOOSE(WEEKDAY(A38,2),"Segunda","Terça","Quarta","Quinta","Sexta","Sábado","Domingo")) | F38: =IF(OR(C38="",D38=""),"",D38-C38-IF(E38="",0,E38))
A39: =IF(MONTH(DATE(YEAR($C$3),MONTH($C$3),31))=MONTH($C$3),DATE(YEAR($C$3),MONTH($C$3),31),"") | B39: =IF(A39="","",CHOOSE(WEEKDAY(A39,2),"Segunda","Terça","Quarta","Quinta","Sexta","Sábado","Domingo")) | F39: =IF(OR(C39="",D39=""),"",D39-C39-IF(E39="",0,E39))

Sheet João Silva
A1: CONTROLE DE PONTO — FOLHA INDIVIDUAL
A2: Funcionário: | C2: João da Silva Pereira | E2: Cargo: | G2: Assistente Operacional
A3: Mês/Ano: | C3: 45748 | E3: Jornada Diária: | G3: 0.33333333 | I3: ⬅ Informe aqui o 1º dia do mês (ex: 01/04/2025)
A5: RESUMO DO MÊS
B6: Total Horas | C6: HE 60% | D6: HE 100% | E6: Atrasos | F6: Faltas | G6: Dias Trabalhados | H6: Dom/Feriados
B7: =SUM(F9:F39) | C7: =SUM(G9:G39) | D7: =SUM(H9:H39) | E7: =SUM(I9:I39) | F7: =SUM(J9:J39) | G7: =COUNTIF(F9:F39,">0") | H7: =COUNTIF(B9:B39,"Domingo")
A8: Data | B8: Dia da Semana | C8: Entrada | D8: Saída | E8: Intervalo | F8: Total Horas | G8: HE 60% | H8: HE 100% | I8: Atrasos | J8: Faltas | K8: Observações
A9: =IF(MONTH(DATE(YEAR($C$3),MONTH($C$3),1))=MONTH($C$3),DATE(YEAR($C$3),MONTH($C$3),1),"") | B9: =IF(A9="","",CHOOSE(WEEKDAY(A9,2),"Segunda","Terça","Quarta","Quinta","Sexta","Sábado","Domingo")) | C9: 0.33333333 | D9: 0.70833333 | E9: 0.041666667 | F9: =IF(OR(C9="",D9=""),"",D9-C9-IF(E9="",0,E9))
A10: =IF(MONTH(DATE(YEAR($C$3),MONTH($C$3),2))=MONTH($C$3),DATE(YEAR($C$3),MONTH($C$3),2),"") | B10: =IF(A10="","",CHOOSE(WEEKDAY(A10,2),"Segunda","Terça","Quarta","Quinta","Sexta","Sábado","Domingo")) | C10: 0.33333333 | D10: 0.72916667 | E10: 0.041666667 | F10: =IF(OR(C10="",D10=""),"",D10-C10-IF(E10="",0,E10)) | G10: 0.020833333
A11: =IF(MONTH(DATE(YEAR($C$3),MONTH($C$3),3))=MONTH($C$3),DATE(YEAR($C$3),MONTH($C$3),3),"") | B11: =IF(A11="","",CHOOSE(WEEKDAY(A11,2),"Segunda","Terça","Quarta","Quinta","Sexta","Sábado","Domingo")) | C11: 0.34375 | D11: 0.70833333 | E11: 0.041666667 | F11: =IF(OR(C11="",D11=""),"",D11-C11-IF(E11="",0,E11)) | I11: 0.010416667
A12: =IF(MONTH(DATE(YEAR($C$3),MONTH($C$3),4))=MONTH($C$3),DATE(YEAR($C$3),MONTH($C$3),4),"") | B12: =IF(A12="","",CHOOSE(WEEKDAY(A12,2),"Segunda","Terça","Quarta","Quinta","Sexta","Sábado","Domingo")) | C12: 0.33333333 | D12: 0.70833333 | E12: 0.041666667 | F12: =IF(OR(C12="",D12=""),"",D12-C12-IF(E12="",0,E12))
A13: =IF(MONTH(DATE(YEAR($C$3),MONTH($C$3),5))=MONTH($C$3),DATE(YEAR($C$3),MONTH($C$3),5),"") | B13: =IF(A13="","",CHOOSE(WEEKDAY(A13,2),"Segunda","Terça","Quarta","Quinta","Sexta","Sábado","Domingo")) | F13: =IF(OR(C13="",D13=""),"",D13-C13-IF(E13="",0,E13))
A14: =IF(MONTH(DATE(YEAR($C$3),MONTH($C$3),6))=MONTH($C$3),DATE(YEAR($C$3),MONTH($C$3),6),"") | B14: =IF(A14="","",CHOOSE(WEEKDAY(A14,2),"Segunda","Terça","Quarta","Quinta","Sexta","Sábado","Domingo")) | F14: =IF(OR(C14="",D14=""),"",D14-C14-IF(E14="",0,E14))
A15: =IF(MONTH(DATE(YEAR($C$3),MONTH($C$3),7))=MONTH($C$3),DATE(YEAR($C$3),MONTH($C$3),7),"") | B15: =IF(A15="","",CHOOSE(WEEKDAY(A15,2),"Segunda","Terça","Quarta","Quinta","Sexta","Sábado","Domingo")) | C15: 0.33333333 | D15: 0.70833333 | E15: 0.041666667 | F15: =IF(OR(C15="",D15=""),"",D15-C15-IF(E15="",0,E15))
A16: =IF(MONTH(DATE(YEAR($C$3),MONTH($C$3),8))=MONTH($C$3),DATE(YEAR($C$3),MONTH($C$3),8),"") | B16: =IF(A16="","",CHOOSE(WEEKDAY(A16,2),"Segunda","Terça","Quarta","Quinta","Sexta","Sábado","Domingo")) | C16: 0.33333333 | D16: 0.75 | E16: 0.041666667 | F16: =IF(OR(C16="",D16=""),"",D16-C16-IF(E16="",0,E16)) | G16: 0.041666667
A17: =IF(MONTH(DATE(YEAR($C$3),MONTH($C$3),9))=MONTH($C$3),DATE(YEAR($C$3),MONTH($C$3),9),"") | B17: =IF(A17="","",CHOOSE(WEEKDAY(A17,2),"Segunda","Terça","Quarta","Quinta","Sexta","Sábado","Domingo")) | C17: 0.33333333 | D17: 0.70833333 | E17: 0.041666667 | F17: =IF(OR(C17="",D17=""),"",D17-C17-IF(E17="",0,E17))
A18: =IF(MONTH(DATE(YEAR($C$3),MONTH($C$3),10))=MONTH($C$3),DATE(YEAR($C$3),MONTH($C$3),10),"") | B18: =IF(A18="","",CHOOSE(WEEKDAY(A18,2),"Segunda","Terça","Quarta","Quinta","Sexta","Sábado","Domingo")) | C18: 0.33333333 | D18: 0.70833333 | E18: 0.041666667 | F18: =IF(OR(C18="",D18=""),"",D18-C18-IF(E18="",0,E18))
A19: =IF(MONTH(DATE(YEAR($C$3),MONTH($C$3),11))=MONTH($C$3),DATE(YEAR($C$3),MONTH($C$3),11),"") | B19: =IF(A19="","",CHOOSE(WEEKDAY(A19,2),"Segunda","Terça","Quarta","Quinta","Sexta","Sábado","Domingo")) | F19: =IF(OR(C19="",D19=""),"",D19-C19-IF(E19="",0,E19)) | J19: 0.33333333 | K19: Falta justificada — atestado médico
A20: =IF(MONTH(DATE(YEAR($C$3),MONTH($C$3),12))=MONTH($C$3),DATE(YEAR($C$3),MONTH($C$3),12),"") | B20: =IF(A20="","",CHOOSE(WEEKDAY(A20,2),"Segunda","Terça","Quarta","Quinta","Sexta","Sábado","Domingo")) | F20: =IF(OR(C20="",D20=""),"",D20-C20-IF(E20="",0,E20))
A21: =IF(MONTH(DATE(YEAR($C$3),MONTH($C$3),13))=MONTH($C$3),DATE(YEAR($C$3),MONTH($C$3),13),"") | B21: =IF(A21="","",CHOOSE(WEEKDAY(A21,2),"Segunda","Terça","Quarta","Quinta","Sexta","Sábado","Domingo")) | F21: =IF(OR(C21="",D21=""),"",D21-C21-IF(E21="",0,E21))
A22: =IF(MONTH(DATE(YEAR($C$3),MONTH($C$3),14))=MONTH($C$3),DATE(YEAR($C$3),MONTH($C$3),14),"") | B22: =IF(A22="","",CHOOSE(WEEKDAY(A22,2),"Segunda","Terça","Quarta","Quinta","Sexta","Sábado","Domingo")) | C22: 0.33333333 | D22: 0.70833333 | E22: 0.041666667 | F22: =IF(OR(C22="",D22=""),"",D22-C22-IF(E22="",0,E22))
A23: =IF(MONTH(DATE(YEAR($C$3),MONTH($C$3),15))=MONTH($C$3),DATE(YEAR($C$3),MONTH($C$3),15),"") | B23: =IF(A23="","",CHOOSE(WEEKDAY(A23,2),"Segunda","Terça","Quarta","Quinta","Sexta","Sábado","Domingo")) | C23: 0.33333333 | D23: 0.70833333 | E23: 0.041666667 | F23: =IF(OR(C23="",D23=""),"",D23-C23-IF(E23="",0,E23))
A24: =IF(MONTH(DATE(YEAR($C$3),MONTH($C$3),16))=MONTH($C$3),DATE(YEAR($C$3),MONTH($C$3),16),"") | B24: =IF(A24="","",CHOOSE(WEEKDAY(A24,2),"Segunda","Terça","Quarta","Quinta","Sexta","Sábado","Domingo")) | C24: 0.33333333 | D24: 0.70833333 | E24: 0.041666667 | F24: =IF(OR(C24="",D24=""),"",D24-C24-IF(E24="",0,E24))
A25: =IF(MONTH(DATE(YEAR($C$3),MONTH($C$3),17))=MONTH($C$3),DATE(YEAR($C$3),MONTH($C$3),17),"") | B25: =IF(A25="","",CHOOSE(WEEKDAY(A25,2),"Segunda","Terça","Quarta","Quinta","Sexta","Sábado","Domingo")) | C25: 0.33333333 | D25: 0.70833333 | E25: 0.041666667 | F25: =IF(OR(C25="",D25=""),"",D25-C25-IF(E25="",0,E25))
A26: =IF(MONTH(DATE(YEAR($C$3),MONTH($C$3),18))=MONTH($C$3),DATE(YEAR($C$3),MONTH($C$3),18),"") | B26: =IF(A26="","",CHOOSE(WEEKDAY(A26,2),"Segunda","Terça","Quarta","Quinta","Sexta","Sábado","Domingo")) | C26: 0.33333333 | D26: 0.70833333 | E26: 0.041666667 | F26: =IF(OR(C26="",D26=""),"",D26-C26-IF(E26="",0,E26))
A27: =IF(MONTH(DATE(YEAR($C$3),MONTH($C$3),19))=MONTH($C$3),DATE(YEAR($C$3),MONTH($C$3),19),"") | B27: =IF(A27="","",CHOOSE(WEEKDAY(A27,2),"Segunda","Terça","Quarta","Quinta","Sexta","Sábado","Domingo")) | F27: =IF(OR(C27="",D27=""),"",D27-C27-IF(E27="",0,E27))
A28: =IF(MONTH(DATE(YEAR($C$3),MONTH($C$3),20))=MONTH($C$3),DATE(YEAR($C$3),MONTH($C$3),20),"") | B28: =IF(A28="","",CHOOSE(WEEKDAY(A28,2),"Segunda","Terça","Quarta","Quinta","Sexta","Sábado","Domingo")) | F28: =IF(OR(C28="",D28=""),"",D28-C28-IF(E28="",0,E28))
A29: =IF(MONTH(DATE(YEAR($C$3),MONTH($C$3),21))=MONTH($C$3),DATE(YEAR($C$3),MONTH($C$3),21),"") | B29: =IF(A29="","",CHOOSE(WEEKDAY(A29,2),"Segunda","Terça","Quarta","Quinta","Sexta","Sábado","Domingo")) | F29: =IF(OR(C29="",D29=""),"",D29-C29-IF(E29="",0,E29)) | K29: Feriado — Tiradentes
A30: =IF(MONTH(DATE(YEAR($C$3),MONTH($C$3),22))=MONTH($C$3),DATE(YEAR($C$3),MONTH($C$3),22),"") | B30: =IF(A30="","",CHOOSE(WEEKDAY(A30,2),"Segunda","Terça","Quarta","Quinta","Sexta","Sábado","Domingo")) | C30: 0.33333333 | D30: 0.70833333 | E30: 0.041666667 | F30: =IF(OR(C30="",D30=""),"",D30-C30-IF(E30="",0,E30))
A31: =IF(MONTH(DATE(YEAR($C$3),MONTH($C$3),23))=MONTH($C$3),DATE(YEAR($C$3),MONTH($C$3),23),"") | B31: =IF(A31="","",CHOOSE(WEEKDAY(A31,2),"Segunda","Terça","Quarta","Quinta","Sexta","Sábado","Domingo")) | C31: 0.33333333 | D31: 0.79166667 | E31: 0.041666667 | F31: =IF(OR(C31="",D31=""),"",D31-C31-IF(E31="",0,E31)) | G31: 0.083333333
A32: =IF(MONTH(DATE(YEAR($C$3),MONTH($C$3),24))=MONTH($C$3),DATE(YEAR($C$3),MONTH($C$3),24),"") | B32: =IF(A32="","",CHOOSE(WEEKDAY(A32,2),"Segunda","Terça","Quarta","Quinta","Sexta","Sábado","Domingo")) | C32: 0.33333333 | D32: 0.70833333 | E32: 0.041666667 | F32: =IF(OR(C32="",D32=""),"",D32-C32-IF(E32="",0,E32))
A33: =IF(MONTH(DATE(YEAR($C$3),MONTH($C$3),25))=MONTH($C$3),DATE(YEAR($C$3),MONTH($C$3),25),"") | B33: =IF(A33="","",CHOOSE(WEEKDAY(A33,2),"Segunda","Terça","Quarta","Quinta","Sexta","Sábado","Domingo")) | C33: 0.33333333 | D33: 0.70833333 | E33: 0.041666667 | F33: =IF(OR(C33="",D33=""),"",D33-C33-IF(E33="",0,E33))
A34: =IF(MONTH(DATE(YEAR($C$3),MONTH($C$3),26))=MONTH($C$3),DATE(YEAR($C$3),MONTH($C$3),26),"") | B34: =IF(A34="","",CHOOSE(WEEKDAY(A34,2),"Segunda","Terça","Quarta","Quinta","Sexta","Sábado","Domingo")) | F34: =IF(OR(C34="",D34=""),"",D34-C34-IF(E34="",0,E34))
A35: =IF(MONTH(DATE(YEAR($C$3),MONTH($C$3),27))=MONTH($C$3),DATE(YEAR($C$3),MONTH($C$3),27),"") | B35: =IF(A35="","",CHOOSE(WEEKDAY(A35,2),"Segunda","Terça","Quarta","Quinta","Sexta","Sábado","Domingo")) | F35: =IF(OR(C35="",D35=""),"",D35-C35-IF(E35="",0,E35))
A36: =IF(MONTH(DATE(YEAR($C$3),MONTH($C$3),28))=MONTH($C$3),DATE(YEAR($C$3),MONTH($C$3),28),"") | B36: =IF(A36="","",CHOOSE(WEEKDAY(A36,2),"Segunda","Terça","Quarta","Quinta","Sexta","Sábado","Domingo")) | C36: 0.33333333 | D36: 0.70833333 | E36: 0.041666667 | F36: =IF(OR(C36="",D36=""),"",D36-C36-IF(E36="",0,E36))
A37: =IF(MONTH(DATE(YEAR($C$3),MONTH($C$3),29))=MONTH($C$3),DATE(YEAR($C$3),MONTH($C$3),29),"") | B37: =IF(A37="","",CHOOSE(WEEKDAY(A37,2),"Segunda","Terça","Quarta","Quinta","Sexta","Sábado","Domingo")) | C37: 0.33333333 | D37: 0.70833333 | E37: 0.041666667 | F37: =IF(OR(C37="",D37=""),"",D37-C37-IF(E37="",0,E37))
A38: =IF(MONTH(DATE(YEAR($C$3),MONTH($C$3),30))=MONTH($C$3),DATE(YEAR($C$3),MONTH($C$3),30),"") | B38: =IF(A38="","",CHOOSE(WEEKDAY(A38,2),"Segunda","Terça","Quarta","Quinta","Sexta","Sábado","Domingo")) | C38: 0.33333333 | D38: 0.70833333 | E38: 0.041666667 | F38: =IF(OR(C38="",D38=""),"",D38-C38-IF(E38="",0,E38))
A39: =IF(MONTH(DATE(YEAR($C$3),MONTH($C$3),31))=MONTH($C$3),DATE(YEAR($C$3),MONTH($C$3),31),"") | B39: =IF(A39="","",CHOOSE(WEEKDAY(A39,2),"Segunda","Terça","Quarta","Quinta","Sexta","Sábado","Domingo")) | F39: =IF(OR(C39="",D39=""),"",D39-C39-IF(E39="",0,E39))

Sheet Maria Oliveira
A1: CONTROLE DE PONTO — FOLHA INDIVIDUAL
A2: Funcionário: | C2: Maria Aparecida Oliveira | E2: Cargo: | G2: Auxiliar Administrativo
A3: Mês/Ano: | E3: Jornada Diária: | G3: 0.33333333 | I3: ⬅ Informe aqui o 1º dia do mês (ex: 01/04/2025)
A5: RESUMO DO MÊS
B6: Total Horas | C6: HE 60% | D6: HE 100% | E6: Atrasos | F6: Faltas | G6: Dias Trabalhados | H6: Dom/Feriados
B7: =SUM(F9:F39) | C7: =SUM(G9:G39) | D7: =SUM(H9:H39) | E7: =SUM(I9:I39) | F7: =SUM(J9:J39) | G7: =COUNTIF(F9:F39,">0") | H7: =COUNTIF(B9:B39,"Domingo")
A8: Data | B8: Dia da Semana | C8: Entrada | D8: Saída | E8: Intervalo | F8: Total Horas | G8: HE 60% | H8: HE 100% | I8: Atrasos | J8: Faltas | K8: Observações
A9: =IF(MONTH(DATE(YEAR($C$3),MONTH($C$3),1))=MONTH($C$3),DATE(YEAR($C$3),MONTH($C$3),1),"") | B9: =IF(A9="","",CHOOSE(WEEKDAY(A9,2),"Segunda","Terça","Quarta","Quinta","Sexta","Sábado","Domingo")) | F9: =IF(OR(C9="",D9=""),"",D9-C9-IF(E9="",0,E9))
A10: =IF(MONTH(DATE(YEAR($C$3),MONTH($C$3),2))=MONTH($C$3),DATE(YEAR($C$3),MONTH($C$3),2),"") | B10: =IF(A10="","",CHOOSE(WEEKDAY(A10,2),"Segunda","Terça","Quarta","Quinta","Sexta","Sábado","Domingo")) | F10: =IF(OR(C10="",D10=""),"",D10-C10-IF(E10="",0,E10))
A11: =IF(MONTH(DATE(YEAR($C$3),MONTH($C$3),3))=MONTH($C$3),DATE(YEAR($C$3),MONTH($C$3),3),"") | B11: =IF(A11="","",CHOOSE(WEEKDAY(A11,2),"Segunda","Terça","Quarta","Quinta","Sexta","Sábado","Domingo")) | F11: =IF(OR(C11="",D11=""),"",D11-C11-IF(E11="",0,E11))
A12: =IF(MONTH(DATE(YEAR($C$3),MONTH($C$3),4))=MONTH($C$3),DATE(YEAR($C$3),MONTH($C$3),4),"") | B12: =IF(A12="","",CHOOSE(WEEKDAY(A12,2),"Segunda","Terça","Quarta","Quinta","Sexta","Sábado","Domingo")) | F12: =IF(OR(C12="",D12=""),"",D12-C12-IF(E12="",0,E12))
A13: =IF(MONTH(DATE(YEAR($C$3),MONTH($C$3),5))=MONTH($C$3),DATE(YEAR($C$3),MONTH($C$3),5),"") | B13: =IF(A13="","",CHOOSE(WEEKDAY(A13,2),"Segunda","Terça","Quarta","Quinta","Sexta","Sábado","Domingo")) | F13: =IF(OR(C13="",D13=""),"",D13-C13-IF(E13="",0,E13))
A14: =IF(MONTH(DATE(YEAR($C$3),MONTH($C$3),6))=MONTH($C$3),DATE(YEAR($C$3),MONTH($C$3),6),"") | B14: =IF(A14="","",CHOOSE(WEEKDAY(A14,2),"Segunda","Terça","Quarta","Quinta","Sexta","Sábado","Domingo")) | F14: =IF(OR(C14="",D14=""),"",D14-C14-IF(E14="",0,E14))
A15: =IF(MONTH(DATE(YEAR($C$3),MONTH($C$3),7))=MONTH($C$3),DATE(YEAR($C$3),MONTH($C$3),7),"") | B15: =IF(A15="","",CHOOSE(WEEKDAY(A15,2),"Segunda","Terça","Quarta","Quinta","Sexta","Sábado","Domingo")) | F15: =IF(OR(C15="",D15=""),"",D15-C15-IF(E15="",0,E15))
A16: =IF(MONTH(DATE(YEAR($C$3),MONTH($C$3),8))=MONTH($C$3),DATE(YEAR($C$3),MONTH($C$3),8),"") | B16: =IF(A16="","",CHOOSE(WEEKDAY(A16,2),"Segunda","Terça","Quarta","Quinta","Sexta","Sábado","Domingo")) | F16: =IF(OR(C16="",D16=""),"",D16-C16-IF(E16="",0,E16))
A17: =IF(MONTH(DATE(YEAR($C$3),MONTH($C$3),9))=MONTH($C$3),DATE(YEAR($C$3),MONTH($C$3),9),"") | B17: =IF(A17="","",CHOOSE(WEEKDAY(A17,2),"Segunda","Terça","Quarta","Quinta","Sexta","Sábado","Domingo")) | F17: =IF(OR(C17="",D17=""),"",D17-C17-IF(E17="",0,E17))
A18: =IF(MONTH(DATE(YEAR($C$3),MONTH($C$3),10))=MONTH($C$3),DATE(YEAR($C$3),MONTH($C$3),10),"") | B18: =IF(A18="","",CHOOSE(WEEKDAY(A18,2),"Segunda","Terça","Quarta","Quinta","Sexta","Sábado","Domingo")) | F18: =IF(OR(C18="",D18=""),"",D18-C18-IF(E18="",0,E18))
A19: =IF(MONTH(DATE(YEAR($C$3),MONTH($C$3),11))=MONTH($C$3),DATE(YEAR($C$3),MONTH($C$3),11),"") | B19: =IF(A19="","",CHOOSE(WEEKDAY(A19,2),"Segunda","Terça","Quarta","Quinta","Sexta","Sábado","Domingo")) | F19: =IF(OR(C19="",D19=""),"",D19-C19-IF(E19="",0,E19))
A20: =IF(MONTH(DATE(YEAR($C$3),MONTH($C$3),12))=MONTH($C$3),DATE(YEAR($C$3),MONTH($C$3),12),"") | B20: =IF(A20="","",CHOOSE(WEEKDAY(A20,2),"Segunda","Terça","Quarta","Quinta","Sexta","Sábado","Domingo")) | F20: =IF(OR(C20="",D20=""),"",D20-C20-IF(E20="",0,E20))
A21: =IF(MONTH(DATE(YEAR($C$3),MONTH($C$3),13))=MONTH($C$3),DATE(YEAR($C$3),MONTH($C$3),13),"") | B21: =IF(A21="","",CHOOSE(WEEKDAY(A21,2),"Segunda","Terça","Quarta","Quinta","Sexta","Sábado","Domingo")) | F21: =IF(OR(C21="",D21=""),"",D21-C21-IF(E21="",0,E21))
A22: =IF(MONTH(DATE(YEAR($C$3),MONTH($C$3),14))=MONTH($C$3),DATE(YEAR($C$3),MONTH($C$3),14),"") | B22: =IF(A22="","",CHOOSE(WEEKDAY(A22,2),"Segunda","Terça","Quarta","Quinta","Sexta","Sábado","Domingo")) | F22: =IF(OR(C22="",D22=""),"",D22-C22-IF(E22="",0,E22))
A23: =IF(MONTH(DATE(YEAR($C$3),MONTH($C$3),15))=MONTH($C$3),DATE(YEAR($C$3),MONTH($C$3),15),"") | B23: =IF(A23="","",CHOOSE(WEEKDAY(A23,2),"Segunda","Terça","Quarta","Quinta","Sexta","Sábado","Domingo")) | F23: =IF(OR(C23="",D23=""),"",D23-C23-IF(E23="",0,E23))
A24: =IF(MONTH(DATE(YEAR($C$3),MONTH($C$3),16))=MONTH($C$3),DATE(YEAR($C$3),MONTH($C$3),16),"") | B24: =IF(A24="","",CHOOSE(WEEKDAY(A24,2),"Segunda","Terça","Quarta","Quinta","Sexta","Sábado","Domingo")) | F24: =IF(OR(C24="",D24=""),"",D24-C24-IF(E24="",0,E24))
A25: =IF(MONTH(DATE(YEAR($C$3),MONTH($C$3),17))=MONTH($C$3),DATE(YEAR($C$3),MONTH($C$3),17),"") | B25: =IF(A25="","",CHOOSE(WEEKDAY(A25,2),"Segunda","Terça","Quarta","Quinta","Sexta","Sábado","Domingo")) | F25: =IF(OR(C25="",D25=""),"",D25-C25-IF(E25="",0,E25))
A26: =IF(MONTH(DATE(YEAR($C$3),MONTH($C$3),18))=MONTH($C$3),DATE(YEAR($C$3),MONTH($C$3),18),"") | B26: =IF(A26="","",CHOOSE(WEEKDAY(A26,2),"Segunda","Terça","Quarta","Quinta","Sexta","Sábado","Domingo")) | F26: =IF(OR(C26="",D26=""),"",D26-C26-IF(E26="",0,E26))
A27: =IF(MONTH(DATE(YEAR($C$3),MONTH($C$3),19))=MONTH($C$3),DATE(YEAR($C$3),MONTH($C$3),19),"") | B27: =IF(A27="","",CHOOSE(WEEKDAY(A27,2),"Segunda","Terça","Quarta","Quinta","Sexta","Sábado","Domingo")) | F27: =IF(OR(C27="",D27=""),"",D27-C27-IF(E27="",0,E27))
A28: =IF(MONTH(DATE(YEAR($C$3),MONTH($C$3),20))=MONTH($C$3),DATE(YEAR($C$3),MONTH($C$3),20),"") | B28: =IF(A28="","",CHOOSE(WEEKDAY(A28,2),"Segunda","Terça","Quarta","Quinta","Sexta","Sábado","Domingo")) | F28: =IF(OR(C28="",D28=""),"",D28-C28-IF(E28="",0,E28))
A29: =IF(MONTH(DATE(YEAR($C$3),MONTH($C$3),21))=MONTH($C$3),DATE(YEAR($C$3),MONTH($C$3),21),"") | B29: =IF(A29="","",CHOOSE(WEEKDAY(A29,2),"Segunda","Terça","Quarta","Quinta","Sexta","Sábado","Domingo")) | F29: =IF(OR(C29="",D29=""),"",D29-C29-IF(E29="",0,E29))
A30: =IF(MONTH(DATE(YEAR($C$3),MONTH($C$3),22))=MONTH($C$3),DATE(YEAR($C$3),MONTH($C$3),22),"") | B30: =IF(A30="","",CHOOSE(WEEKDAY(A30,2),"Segunda","Terça","Quarta","Quinta","Sexta","Sábado","Domingo")) | F30: =IF(OR(C30="",D30=""),"",D30-C30-IF(E30="",0,E30))
A31: =IF(MONTH(DATE(YEAR($C$3),MONTH($C$3),23))=MONTH($C$3),DATE(YEAR($C$3),MONTH($C$3),23),"") | B31: =IF(A31="","",CHOOSE(WEEKDAY(A31,2),"Segunda","Terça","Quarta","Quinta","Sexta","Sábado","Domingo")) | F31: =IF(OR(C31="",D31=""),"",D31-C31-IF(E31="",0,E31))
A32: =IF(MONTH(DATE(YEAR($C$3),MONTH($C$3),24))=MONTH($C$3),DATE(YEAR($C$3),MONTH($C$3),24),"") | B32: =IF(A32="","",CHOOSE(WEEKDAY(A32,2),"Segunda","Terça","Quarta","Quinta","Sexta","Sábado","Domingo")) | F32: =IF(OR(C32="",D32=""),"",D32-C32-IF(E32="",0,E32))
A33: =IF(MONTH(DATE(YEAR($C$3),MONTH($C$3),25))=MONTH($C$3),DATE(YEAR($C$3),MONTH($C$3),25),"") | B33: =IF(A33="","",CHOOSE(WEEKDAY(A33,2),"Segunda","Terça","Quarta","Quinta","Sexta","Sábado","Domingo")) | F33: =IF(OR(C33="",D33=""),"",D33-C33-IF(E33="",0,E33))
A34: =IF(MONTH(DATE(YEAR($C$3),MONTH($C$3),26))=MONTH($C$3),DATE(YEAR($C$3),MONTH($C$3),26),"") | B34: =IF(A34="","",CHOOSE(WEEKDAY(A34,2),"Segunda","Terça","Quarta","Quinta","Sexta","Sábado","Domingo")) | F34: =IF(OR(C34="",D34=""),"",D34-C34-IF(E34="",0,E34))
A35: =IF(MONTH(DATE(YEAR($C$3),MONTH($C$3),27))=MONTH($C$3),DATE(YEAR($C$3),MONTH($C$3),27),"") | B35: =IF(A35="","",CHOOSE(WEEKDAY(A35,2),"Segunda","Terça","Quarta","Quinta","Sexta","Sábado","Domingo")) | F35: =IF(OR(C35="",D35=""),"",D35-C35-IF(E35="",0,E35))
A36: =IF(MONTH(DATE(YEAR($C$3),MONTH($C$3),28))=MONTH($C$3),DATE(YEAR($C$3),MONTH($C$3),28),"") | B36: =IF(A36="","",CHOOSE(WEEKDAY(A36,2),"Segunda","Terça","Quarta","Quinta","Sexta","Sábado","Domingo")) | F36: =IF(OR(C36="",D36=""),"",D36-C36-IF(E36="",0,E36))
A37: =IF(MONTH(DATE(YEAR($C$3),MONTH($C$3),29))=MONTH($C$3),DATE(YEAR($C$3),MONTH($C$3),29),"") | B37: =IF(A37="","",CHOOSE(WEEKDAY(A37,2),"Segunda","Terça","Quarta","Quinta","Sexta","Sábado","Domingo")) | F37: =IF(OR(C37="",D37=""),"",D37-C37-IF(E37="",0,E37))
A38: =IF(MONTH(DATE(YEAR($C$3),MONTH($C$3),30))=MONTH($C$3),DATE(YEAR($C$3),MONTH($C$3),30),"") | B38: =IF(A38="","",CHOOSE(WEEKDAY(A38,2),"Segunda","Terça","Quarta","Quinta","Sexta","Sábado","Domingo")) | F38: =IF(OR(C38="",D38=""),"",D38-C38-IF(E38="",0,E38))
A39: =IF(MONTH(DATE(YEAR($C$3),MONTH($C$3),31))=MONTH($C$3),DATE(YEAR($C$3),MONTH($C$3),31),"") | B39: =IF(A39="","",CHOOSE(WEEKDAY(A39,2),"Segunda","Terça","Quarta","Quinta","Sexta","Sábado","Domingo")) | F39: =IF(OR(C39="",D39=""),"",D39-C39-IF(E39="",0,E39))

Sheet CONSOLIDADO
A1: CONSOLIDADO DA FOLHA — RESUMO GERAL
A2: Mês/Ano: | C2: ← Informe o mês de referência
A4: # | B4: Nome do Funcionário | C4: Total de Horas | D4: HE 60% | E4: HE 100% | F4: Atrasos | G4: Faltas | H4: Dias Trab. | I4: Observações Gerais
A5: 1 | B5: João da Silva Pereira | C5: ='João Silva'!B7 | D5: ='João Silva'!C7 | E5: ='João Silva'!D7 | F5: ='João Silva'!E7 | G5: ='João Silva'!F7 | H5: ='João Silva'!G7
A6: 2 | B6: Maria Aparecida Oliveira | C6: ='Maria Oliveira'!B7 | D6: ='Maria Oliveira'!C7 | E6: ='Maria Oliveira'!D7 | F6: ='Maria Oliveira'!E7 | G6: ='Maria Oliveira'!F7 | H6: ='Maria Oliveira'!G7
A7: 3 | B7: ← Adicionar funcionário
A8: 4 | B8: ← Adicionar funcionário
A9: 5 | B9: ← Adicionar funcionário
A10: TOTAL GERAL | C10: =SUM(C5:C9) | D10: =SUM(D5:D9) | E10: =SUM(E5:E9) | F10: =SUM(F5:F9) | G10: =SUM(G5:G9) | H10: =SUM(H5:H9)
A12: ℹ️ Para adicionar funcionários: duplique a aba "MODELO", renomeie com o nome do funcionário, informe o mês na célula amarela (C3), e adicione uma nova linha nesta tabela referenciando a nova aba.
